pickup_mon,mon_amount
1,16.26532960720325
2,16.975384638598516
3,16.863913334625042
4,15.790517295478715
5,16.110532917263644
6,16.112928146653754
7,17.32042071799279
8,18.08833055214948
9,18.554378273261356
10,19.009410020232924
11,18.259225084585626
12,18.579993595627556
